Site_id,Sites By Year,Site_Name,Province,Country,Latitude,Longitude,,Access_Type,Total_Invested (in USD),Distance to Taiwan (In km),,
EDCA-03,2016,Antonio Bautista,Palawn,Philippines,9.742998695,118.7588542,,"Ammunition warehouse, Storage warehouse renovation, Fuel Storage, command and control infrastructure"," $1,800,000.00 ",1588,,
EDCA-02,2016,Basa Air Base,Pampanga,Philippines,14.97824705,120.5020276,,"Humanitarian Assistance, Disaster response,  command control, Fuel storage, runway improvements, Aircraft parking,"," $66,570,000.00 ",997.5,,
EDCA-01,2016,Fort Magsaysay,Nueva Ecija,Philippines,15.43303212,121.0883476,,"Humanitarian Assistance, Disaster response,  command control, combat training"," $11,400,000.00 ",950.1,,
EDCA-05,2016,Lumbia Air Base,Cagyan de Oro,Philippines,8.406018913,124.6114171,,"Humanitarian Assistance, Disaster response,  command control, runway lighting improvements"," $3,700,000.00 ",1787,,
EDCA-04,2016,Mactan-Benito Ebuen,Cebu,Philippines,10.31467758,123.9744279,,Fuel storage facility," $2,700,000.00 ",1564,,
EDCA-06,2023,Camilo Osias Navel Base,Cagayen,Philippines,18.503647,122.148925,,seeking U.S assistance in building a pier and repairing the airship; constructing a fuel storage facility, $-   ,592.1,,
EDCA-07,2023,Lal-LO Airport,Cagayen,Philippines,18.181017,121.747667,,seeking U.S assistance in building command center, $-   ,619.8,,
EDCA-08,2023,Camp Melchor Dela Cruz,Isabela,Philippines,17.06171,121.857311,,No information released, $-   ,744.6,,
EDCA-09,2023,Balabac Island,Palawn,Philippines,7.949393,117.031861,,Hangers and warehouses once airbase has been complete, $-   ,1799,,
,,,,,,,,,,,,
,,,,,,,,," $86,170,000.00 ",,,
